{
    "len_ratio_avg": 0.425634933332372,
    "latency_ratio_avg": 0.8456138011730884,
    "npmi_avg": 4.150563812396478
}