{
    "len_ratio_avg": 0.4351314966165466,
    "latency_ratio_avg": 0.8406501782459513,
    "npmi_avg": 5.792669991544013
}