{
    "len_ratio_avg": 0.42737799973440066,
    "latency_ratio_avg": 0.8439247108162975,
    "npmi_avg": 8.125428057562969
}