{
    "len_ratio_avg": 0.40190286574183853,
    "latency_ratio_avg": 0.7883635312002483,
    "npmi_avg": 4.651367203896129
}