{
    "len_ratio_avg": 0.4323167303224361,
    "latency_ratio_avg": 0.8161410829321641,
    "npmi_avg": 5.658465953313675
}