{
    "len_ratio_avg": 0.4283276895851331,
    "latency_ratio_avg": 0.8300026182882465,
    "npmi_avg": 7.703002721255064
}