{
    "len_ratio_avg": 0.38844425511922376,
    "latency_ratio_avg": 0.8123361950360827,
    "npmi_avg": 3.8699664274698486
}