{
    "len_ratio_avg": 0.45094643130984513,
    "latency_ratio_avg": 0.8359422537934139,
    "npmi_avg": 11.681239395530117
}