{
    "len_ratio_avg": 0.3495266375743884,
    "latency_ratio_avg": 0.8102076844856076,
    "npmi_avg": 3.348781863626852
}