{
    "len_ratio_avg": 0.41841058312532325,
    "latency_ratio_avg": 0.8506203184083307,
    "npmi_avg": 14.740460032978548
}