{
    "len_ratio_avg": 0.42602683780653544,
    "latency_ratio_avg": 0.8489722837730421,
    "npmi_avg": 10.658292659157173
}