{
    "len_ratio_avg": 0.453644307978416,
    "latency_ratio_avg": 0.8364290499704776,
    "npmi_avg": 7.551473270686854
}