{
    "len_ratio_avg": 0.42020651382728885,
    "latency_ratio_avg": 0.8210230958571428,
    "npmi_avg": 7.375945312119511
}