{
    "len_ratio_avg": 0.41197286174435643,
    "latency_ratio_avg": 0.8067439432749628,
    "npmi_avg": 3.0895948453016513
}