{
    "len_ratio_avg": 0.39403179941730976,
    "latency_ratio_avg": 0.8258176011033146,
    "npmi_avg": 5.078572748305544
}