{
    "len_ratio_avg": 0.3952382986407272,
    "latency_ratio_avg": 0.8236905235383094,
    "npmi_avg": 7.0155953554424935
}