{
    "len_ratio_avg": 0.3964478335313048,
    "latency_ratio_avg": 0.8393968025118199,
    "npmi_avg": 6.28068878223133
}