{
    "len_ratio_avg": 0.42793672560691226,
    "latency_ratio_avg": 0.8513866741326074,
    "npmi_avg": 4.621490020703202
}