{
    "len_ratio_avg": 0.3972058793063156,
    "latency_ratio_avg": 0.758131585889192,
    "npmi_avg": 4.688595144344477
}