{
    "len_ratio_avg": 0.43266469271832386,
    "latency_ratio_avg": 0.8285976808211892,
    "npmi_avg": 4.757256574475592
}