{
    "len_ratio_avg": 0.3684825680884374,
    "latency_ratio_avg": 0.8446943356319696,
    "npmi_avg": 7.5870431104213125
}