{
    "len_ratio_avg": 0.44087804317714685,
    "latency_ratio_avg": 0.8165419573850646,
    "npmi_avg": 3.252599425221108
}