{
    "len_ratio_avg": 0.4168232117273641,
    "latency_ratio_avg": 0.8294306046088653,
    "npmi_avg": 5.223450025332234
}