{
    "len_ratio_avg": 0.43465492897716024,
    "latency_ratio_avg": 0.8528739575932294,
    "npmi_avg": 11.07510792997553
}