{
    "len_ratio_avg": 0.36310655383256585,
    "latency_ratio_avg": 0.8085440275548028,
    "npmi_avg": 4.112558118168662
}