{
    "len_ratio_avg": 0.4222563837468413,
    "latency_ratio_avg": 0.8566682883532951,
    "npmi_avg": 6.907573788805761
}