{
    "len_ratio_avg": 0.46140014563441994,
    "latency_ratio_avg": 0.833989947404966,
    "npmi_avg": 5.274180957277013
}