{
    "len_ratio_avg": 0.43312264605377077,
    "latency_ratio_avg": 0.8337539464731305,
    "npmi_avg": 8.574349134316876
}