{
    "len_ratio_avg": 0.4499322332495469,
    "latency_ratio_avg": 0.8162341243071672,
    "npmi_avg": 5.972562162774647
}