{
    "len_ratio_avg": 0.41042863621298004,
    "latency_ratio_avg": 0.8405175950679518,
    "npmi_avg": 5.151252428009112
}