{
    "len_ratio_avg": 0.3445224424342628,
    "latency_ratio_avg": 0.7865201207244094,
    "npmi_avg": 2.7573249640050768
}