{
    "len_ratio_avg": 0.4107622902149706,
    "latency_ratio_avg": 0.7573740287985897,
    "npmi_avg": 1.327218300707633
}