{
    "len_ratio_avg": 0.43004615973473687,
    "latency_ratio_avg": 0.842938805873632,
    "npmi_avg": 10.492003312927402
}