{
    "len_ratio_avg": 0.4051722616279033,
    "latency_ratio_avg": 0.7925680051430655,
    "npmi_avg": 4.453703461831378
}