{
    "len_ratio_avg": 0.3603789361040424,
    "latency_ratio_avg": 0.8005640749838597,
    "npmi_avg": 3.239665056211872
}