{
    "len_ratio_avg": 0.39898491469234454,
    "latency_ratio_avg": 0.8240688122737366,
    "npmi_avg": 8.591996971009928
}