{
    "len_ratio_avg": 0.3981880676487773,
    "latency_ratio_avg": 0.8453921904215037,
    "npmi_avg": 4.799718060979962
}