{
    "len_ratio_avg": 0.4094346967401613,
    "latency_ratio_avg": 0.8197825395460987,
    "npmi_avg": 4.897503228352931
}