{
    "len_ratio_avg": 0.42162557354695956,
    "latency_ratio_avg": 0.8337971253323494,
    "npmi_avg": 8.952762793403458
}