{
    "len_ratio_avg": 0.4060020533703373,
    "latency_ratio_avg": 0.8307266517239819,
    "npmi_avg": 6.935414061537261
}