{
    "len_ratio_avg": 0.4254292669291626,
    "latency_ratio_avg": 0.8421333387382265,
    "npmi_avg": 7.011300909415068
}