{
    "len_ratio_avg": 0.40691519400341897,
    "latency_ratio_avg": 0.8358014039578274,
    "npmi_avg": 7.7716847240098055
}