{
    "len_ratio_avg": 0.422515557502291,
    "latency_ratio_avg": 0.8595761493015831,
    "npmi_avg": 13.957182601867016
}