{
    "len_ratio_avg": 0.4362854621458307,
    "latency_ratio_avg": 0.8476126437945036,
    "npmi_avg": 7.455391596532931
}