{
    "len_ratio_avg": 0.3938587438533736,
    "latency_ratio_avg": 0.8550006251953862,
    "npmi_avg": 9.94766277444171
}