{
    "len_ratio_avg": 0.40662824477811815,
    "latency_ratio_avg": 0.8448121906352402,
    "npmi_avg": 6.515982986089964
}