{
    "len_ratio_avg": 0.14495022137234084,
    "latency_ratio_avg": 0.1768245341614907,
    "npmi_avg": 1.180273369708956
}