{
    "len_ratio_avg": 0.21167849638471806,
    "latency_ratio_avg": 0.10389194139194138,
    "npmi_avg": 1.2399227614392665
}