{
    "len_ratio_avg": 0.22067601225688163,
    "latency_ratio_avg": 0.10459183673469388,
    "npmi_avg": 1.7118861616588361
}