{
    "len_ratio_avg": 0.19201970240420932,
    "latency_ratio_avg": 0.12797619047619047,
    "npmi_avg": 0.15535715248359605
}