{
    "len_ratio_avg": 0.16357791469997063,
    "latency_ratio_avg": 0.11154793482379688,
    "npmi_avg": 0.8153052120682382
}