{
    "len_ratio_avg": 0.14309011703683042,
    "latency_ratio_avg": 0.15848715890850723,
    "npmi_avg": 0.5919075664047055
}