{
    "len_ratio_avg": 0.19032604501193173,
    "latency_ratio_avg": 0.14276061776061777,
    "npmi_avg": 1.1782088571236446
}