{
    "len_ratio_avg": 0.1607368371558086,
    "latency_ratio_avg": 0.2015354437229437,
    "npmi_avg": 0.12721634499113157
}