{
    "len_ratio_avg": 0.21950509602778892,
    "latency_ratio_avg": 0.08818681318681318,
    "npmi_avg": 0.6138240101827191
}