{
    "len_ratio_avg": 0.19668031863567176,
    "latency_ratio_avg": 0.15742147922998986,
    "npmi_avg": 0.2874036085971107
}