{
    "len_ratio_avg": 0.3090182756997095,
    "latency_ratio_avg": 0.11607142857142856,
    "npmi_avg": 0.659739958170277
}