{
    "len_ratio_avg": 0.20195554847091554,
    "latency_ratio_avg": 0.134,
    "npmi_avg": 1.159386652949035
}