{
    "len_ratio_avg": 0.21234826384784988,
    "latency_ratio_avg": 0.12466307277628032,
    "npmi_avg": 0.7263807971886213
}