{
    "len_ratio_avg": 0.6341417857470485,
    "latency_ratio_avg": 0.07249149659863946,
    "npmi_avg": 0.0
}