{
    "len_ratio_avg": 0.1859759879978403,
    "latency_ratio_avg": 0.11639904023624954,
    "npmi_avg": 1.2708911475992961
}