{
    "len_ratio_avg": 0.18331319951613723,
    "latency_ratio_avg": 0.16264108352144468,
    "npmi_avg": 1.9781987979932023
}