{
    "len_ratio_avg": 0.13183634942746478,
    "latency_ratio_avg": 0.1149749373433584,
    "npmi_avg": 0.6349571484327432
}