{
    "len_ratio_avg": 0.16863254062955949,
    "latency_ratio_avg": 0.11233600583090379,
    "npmi_avg": 0.6818701249349945
}