{
    "len_ratio_avg": 0.20848290986476334,
    "latency_ratio_avg": 0.07634575569358178,
    "npmi_avg": 0.4338037211018489
}