{
    "len_ratio_avg": 0.1711369947362486,
    "latency_ratio_avg": 0.14549180327868852,
    "npmi_avg": 0.2760716051074954
}