{
    "len_ratio_avg": 0.13688048229655445,
    "latency_ratio_avg": 0.15768398268398268,
    "npmi_avg": 0.8908113572053005
}