{
    "len_ratio_avg": 0.13424175151165466,
    "latency_ratio_avg": 0.1337404761904762,
    "npmi_avg": 1.6336851690848124
}