{
    "len_ratio_avg": 0.14948810595603204,
    "latency_ratio_avg": 0.16646666666666668,
    "npmi_avg": 1.3917891875088153
}