{
    "len_ratio_avg": 0.25843309909806456,
    "latency_ratio_avg": 0.12759433962264152,
    "npmi_avg": 1.133213408823056
}