{
    "len_ratio_avg": 0.13687732424827137,
    "latency_ratio_avg": 0.1822357142857143,
    "npmi_avg": 0.974716647292729
}