{
    "len_ratio_avg": 0.17441243840761933,
    "latency_ratio_avg": 0.11845238095238095,
    "npmi_avg": 1.16478174951663
}