{
    "len_ratio_avg": 0.24418154136656087,
    "latency_ratio_avg": 0.10602896129211918,
    "npmi_avg": 1.0698455980911565
}