{
    "len_ratio_avg": 0.11525162129383917,
    "latency_ratio_avg": 0.1676744771982867,
    "npmi_avg": 1.1361083429343102
}