{
    "len_ratio_avg": 0.1405596482009074,
    "latency_ratio_avg": 0.1701829380400809,
    "npmi_avg": 1.0526568139328654
}