{
    "len_ratio_avg": 0.2121899974773887,
    "latency_ratio_avg": 0.09882478632478632,
    "npmi_avg": 0.5239150542786479
}