{
    "len_ratio_avg": 0.16986869014589615,
    "latency_ratio_avg": 0.12928571428571428,
    "npmi_avg": 0.8167864517060796
}