{
    "len_ratio_avg": 0.19470574340843208,
    "latency_ratio_avg": 0.17782857142857142,
    "npmi_avg": 1.667619034146559
}