{
    "len_ratio_avg": 0.15123548967657227,
    "latency_ratio_avg": 0.10543199315654406,
    "npmi_avg": 1.128860965676419
}