{
    "len_ratio_avg": 0.17549437182797573,
    "latency_ratio_avg": 0.10904431216931217,
    "npmi_avg": 0.6306765308804418
}