{
    "len_ratio_avg": 0.2760375150349602,
    "latency_ratio_avg": 0.120160791589363,
    "npmi_avg": 0.4824270973760999
}