{
    "len_ratio_avg": 0.1300660814521877,
    "latency_ratio_avg": 0.15615307425652253,
    "npmi_avg": 1.028403120943142
}