{
    "len_ratio_avg": 0.24983703816448175,
    "latency_ratio_avg": 0.13191244239631336,
    "npmi_avg": 0.6967634830408501
}