{
    "len_ratio_avg": 0.16492203565227853,
    "latency_ratio_avg": 0.19034309375924283,
    "npmi_avg": 1.027314643483804
}