{
    "len_ratio_avg": 0.17935379277272193,
    "latency_ratio_avg": 0.13169642857142858,
    "npmi_avg": 0.9063016049493197
}