{
    "len_ratio_avg": 0.08803489488686464,
    "latency_ratio_avg": 0.36363636363636365,
    "npmi_avg": 1.2682850357752797
}