{
    "len_ratio_avg": 0.1326925567591588,
    "latency_ratio_avg": 0.12900874635568513,
    "npmi_avg": 1.6767158332151393
}