{
    "len_ratio_avg": 0.13796337343219348,
    "latency_ratio_avg": 0.1460974922513384,
    "npmi_avg": 2.261050159708133
}