{
    "len_ratio_avg": 0.19684466673259618,
    "latency_ratio_avg": 0.13193877551020408,
    "npmi_avg": 1.4547502708441868
}