{
    "len_ratio_avg": 0.3345396660463815,
    "latency_ratio_avg": 0.11146496815286625,
    "npmi_avg": 0.28189254000511144
}