{
    "len_ratio_avg": 0.3883307640893178,
    "latency_ratio_avg": 0.09939903846153847,
    "npmi_avg": 0.48360422711930334
}