{
    "len_ratio_avg": 0.18918118581431814,
    "latency_ratio_avg": 0.19900845455675742,
    "npmi_avg": 2.2172069495892717
}