{
    "len_ratio_avg": 0.14242678666461622,
    "latency_ratio_avg": 0.121875,
    "npmi_avg": 0.8046428149555745
}