{
    "len_ratio_avg": 0.2352668924643163,
    "latency_ratio_avg": 0.056862745098039215,
    "npmi_avg": 0.9722416751552362
}