{
    "len_ratio_avg": 0.15476772021447985,
    "latency_ratio_avg": 0.15903614457831328,
    "npmi_avg": 1.0674763760304318
}