{
    "len_ratio_avg": 0.23065968052010846,
    "latency_ratio_avg": 0.10983050847457626,
    "npmi_avg": 0.4739032356071071
}