{
    "len_ratio_avg": 0.1676080211815934,
    "latency_ratio_avg": 0.16037037037037039,
    "npmi_avg": 1.1666998195163132
}