{
    "len_ratio_avg": 0.3216013265792506,
    "latency_ratio_avg": 0.0752212389380531,
    "npmi_avg": 0.5100823505137217
}