{
    "len_ratio_avg": 0.235456976691148,
    "latency_ratio_avg": 0.13076923076923078,
    "npmi_avg": 1.64862377569479
}