{
    "len_ratio_avg": 0.23137618395851134,
    "latency_ratio_avg": 0.06804123711340206,
    "npmi_avg": 0.6326955980890303
}