{
    "len_ratio_avg": 0.16164067892353357,
    "latency_ratio_avg": 0.16043956043956042,
    "npmi_avg": 1.0512536045040106
}