{
    "len_ratio_avg": 0.19031308045517475,
    "latency_ratio_avg": 0.1764367816091954,
    "npmi_avg": 1.3128785471344218
}