{
    "len_ratio_avg": 0.20131904488707827,
    "latency_ratio_avg": 0.103125,
    "npmi_avg": 0.6745700086022552
}