{
    "len_ratio_avg": 0.19818085620962794,
    "latency_ratio_avg": 0.18923076923076923,
    "npmi_avg": 0.9522464182706004
}