{
    "len_ratio_avg": 0.20353526395866678,
    "latency_ratio_avg": 0.12268907563025211,
    "npmi_avg": 0.7815616001928509
}