{
    "len_ratio_avg": 0.28038581195962164,
    "latency_ratio_avg": 0.11488673139158576,
    "npmi_avg": 1.2503092120235355
}