{
    "len_ratio_avg": 0.23827121484871547,
    "latency_ratio_avg": 0.06949152542372881,
    "npmi_avg": 0.4125839983421684
}