{
    "len_ratio_avg": 0.48460001842106487,
    "latency_ratio_avg": 0.11265822784810127,
    "npmi_avg": 0.0
}