{
    "len_ratio_avg": 0.20941670245319882,
    "latency_ratio_avg": 0.12931034482758622,
    "npmi_avg": 1.7466473562947684
}