{
    "len_ratio_avg": 0.2869846990796211,
    "latency_ratio_avg": 0.11760000000000001,
    "npmi_avg": 0.15384100732936254
}