{
    "len_ratio_avg": 0.8275928483706866,
    "latency_ratio_avg": 0.09466666666666668,
    "npmi_avg": 0.3333333333333333
}