{
    "len_ratio_avg": 0.6226263290760995,
    "latency_ratio_avg": 0.06261682242990654,
    "npmi_avg": 0.1398451382305525
}