{
    "len_ratio_avg": 0.2693639101502483,
    "latency_ratio_avg": 0.1,
    "npmi_avg": 1.2725976047024636
}