{
    "len_ratio_avg": 0.1737991334550072,
    "latency_ratio_avg": 0.16277372262773723,
    "npmi_avg": 1.5350442613607753
}