{
    "len_ratio_avg": 0.22581441720750514,
    "latency_ratio_avg": 0.12187500000000001,
    "npmi_avg": 1.0438938393632633
}