{
    "len_ratio_avg": 0.1635177781281251,
    "latency_ratio_avg": 0.12793296089385475,
    "npmi_avg": 1.6043790603527
}