{
    "len_ratio_avg": 0.29359392034642817,
    "latency_ratio_avg": 0.08045112781954888,
    "npmi_avg": 0.7091633232398454
}