{
    "len_ratio_avg": 0.26317567310549217,
    "latency_ratio_avg": 0.0623931623931624,
    "npmi_avg": 0.0
}