{
    "len_ratio_avg": 0.24702522185787723,
    "latency_ratio_avg": 0.14497607655502392,
    "npmi_avg": 1.3110453293809978
}