{
    "len_ratio_avg": 0.16738934740147327,
    "latency_ratio_avg": 0.16022727272727275,
    "npmi_avg": 0.9355719148109173
}