{
    "len_ratio_avg": 0.2644677117862272,
    "latency_ratio_avg": 0.16791044776119404,
    "npmi_avg": 1.7710038638703471
}