{
    "len_ratio_avg": 0.32134046281248735,
    "latency_ratio_avg": 0.14078947368421055,
    "npmi_avg": 1.1369288855986774
}