{
    "len_ratio_avg": 0.22647546364192556,
    "latency_ratio_avg": 0.0967741935483871,
    "npmi_avg": 0.24790378653606934
}