{
    "len_ratio_avg": 0.2577936713341031,
    "latency_ratio_avg": 0.09902912621359225,
    "npmi_avg": 0.47492038686099847
}