{
    "len_ratio_avg": 0.24669615446722537,
    "latency_ratio_avg": 0.11962616822429907,
    "npmi_avg": 1.0068351590195521
}