{
    "len_ratio_avg": 0.24330497631251102,
    "latency_ratio_avg": 0.1669902912621359,
    "npmi_avg": 0.704508505541962
}