{
    "len_ratio_avg": 0.30907455222709945,
    "latency_ratio_avg": 0.10757575757575759,
    "npmi_avg": 1.4005014528910227
}