{
    "len_ratio_avg": 0.34492648429004175,
    "latency_ratio_avg": 0.12225806451612903,
    "npmi_avg": 1.449419892875202
}