{
    "len_ratio_avg": 0.26532289434841594,
    "latency_ratio_avg": 0.05655172413793104,
    "npmi_avg": 0.6187055815658689
}