{
    "len_ratio_avg": 0.2150674676031949,
    "latency_ratio_avg": 0.11386861313868614,
    "npmi_avg": 0.6903043593580881
}