{
    "len_ratio_avg": 0.1582070847182186,
    "latency_ratio_avg": 0.1427710843373494,
    "npmi_avg": 0.7937543158712982
}