{
    "len_ratio_avg": 0.20301140293337988,
    "latency_ratio_avg": 0.1146341463414634,
    "npmi_avg": 0.7428756064587105
}