{
    "len_ratio_avg": 0.14829551928176224,
    "latency_ratio_avg": 0.1838709677419355,
    "npmi_avg": 0.6300653085703353
}